<?xml version="1.0" encoding="UTF-8"?>
<project-private xmlns="http://www.netbeans.org/ns/project-private/1">
    <editor-bookmarks xmlns="http://www.netbeans.org/ns/editor-bookmarks/2" lastBookmarkId="0"/>
    <open-files xmlns="http://www.netbeans.org/ns/projectui-open-files/2">
        <group>
            <file>file:/C:/Users/Rolo/Documents/NetBeansProjects/DesignChallange2/src/controller/CalendarController.java</file>
            <file>file:/C:/Users/Rolo/Documents/NetBeansProjects/DesignChallange2/src/model/EventsService.java</file>
            <file>file:/C:/Users/Rolo/Documents/NetBeansProjects/DesignChallange2/src/model/EventsObject.java</file>
            <file>file:/C:/Users/Rolo/Documents/NetBeansProjects/DesignChallange2/src/DesignChallange2.java</file>
            <file>file:/C:/Users/Rolo/Documents/NetBeansProjects/DesignChallange2/src/view/CalendarProgram.java</file>
            <file>file:/C:/Users/Rolo/Documents/NetBeansProjects/DesignChallange2/src/model/EventsConnection.java</file>
            <file>file:/C:/Users/Rolo/Documents/NetBeansProjects/DesignChallange2/src/view/TableRenderer.java</file>
            <file>file:/C:/Users/Rolo/Documents/NetBeansProjects/DesignChallange2/src/view/ActivityTableRenderer.java</file>
        </group>
    </open-files>
</project-private>
